start_ts,end_ts,retracement_score,pivot_count,abs_angle_deg,direction,cluster
1577815200000,1577890800000,1.0,4,52.64,1.0,0
1577890800000,1578016800000,3.0,4,55.21,-1.0,3
1578088800000,1578196800000,0.73,4,56.84,1.0,0
1578196800000,1578265200000,0.73,4,51.34,-1.0,1
1578315600000,1578441600000,2.0,4,59.07,1.0,3
1578895200000,1579093200000,3.18,6,63.23,1.0,2
1579093200000,1579143600000,0.73,4,63.43,-1.0,0
1579143600000,1579255200000,1.61,4,63.06,1.0,0
1579269600000,1579402800000,1.11,6,49.82,1.0,1
1579579200000,1579633200000,2.61,4,54.91,-1.0,3
1579914000000,1579986000000,0.73,4,50.08,1.0,1
1579996800000,1580220000000,3.89,6,56.79,1.0,2
1580616000000,1580691600000,1.0,4,62.88,1.0,0
1581073200000,1581130800000,1.0,4,63.43,-1.0,0
1581130800000,1581292800000,0.89,4,63.18,1.0,0
1581462000000,1581577200000,-0.77,6,37.78,1.0,1
1581822000000,1581948000000,1.23,6,55.0,-1.0,2
1581948000000,1582131600000,3.51,6,58.68,1.0,2
1582452000000,1582509600000,1.61,4,63.43,-1.0,0
1582567200000,1582632000000,0.18,4,33.56,1.0,1
1583186400000,1583251200000,1.0,4,63.43,-1.0,0
1583251200000,1583409600000,1.55,4,62.27,1.0,0
1583874000000,1584064800000,2.61,4,62.62,-1.0,3
1584140400000,1584226800000,1.0,4,46.53,-1.0,1
1584226800000,1584306000000,0.73,4,56.8,1.0,0
1584734400000,1584824400000,-0.39,6,51.44,1.0,1
1584824400000,1584921600000,1.12,4,58.42,-1.0,0
1584921600000,1585008000000,2.61,4,60.15,1.0,3
1585062000000,1585126800000,0.73,4,62.51,1.0,0
1585267200000,1585414800000,3.63,6,63.15,-1.0,2
1585846800000,1585929600000,0.51,4,62.46,-1.0,0
1585929600000,1586030400000,0.73,4,61.87,1.0,0
1586325600000,1586433600000,0.11,6,60.88,-1.0,0
1586440800000,1586530800000,2.88,4,62.97,-1.0,3
1586545200000,1586635200000,0.67,4,58.81,-1.0,0
1586635200000,1586710800000,2.61,4,52.87,1.0,3
1586736000000,1586836800000,0.73,4,49.34,1.0,1
1586883600000,1586995200000,2.88,4,54.85,-1.0,3
1587128400000,1587247200000,1.11,6,63.08,1.0,2
1587304800000,1587355200000,0.24,4,49.26,1.0,1
1587412800000,1587488400000,0.24,4,44.4,1.0,1
1587513600000,1587650400000,3.0,4,62.21,1.0,3
1587650400000,1587736800000,0.63,4,46.65,-1.0,1
1587736800000,1587826800000,1.88,4,62.97,1.0,3
1587830400000,1587906000000,3.0,4,61.66,1.0,3
1588028400000,1588086000000,0.24,4,59.4,-1.0,0
1588348800000,1588435200000,1.12,4,53.23,1.0,0
1588467600000,1588518000000,0.73,4,63.43,-1.0,0
1588568400000,1588654800000,2.26,4,63.43,1.0,3
1588672800000,1588892400000,1.88,4,59.19,1.0,3
1588950000000,1589068800000,3.0,4,62.48,-1.0,3
1589126400000,1589198400000,1.0,4,61.01,1.0,0
1589317200000,1589403600000,3.0,4,48.84,1.0,3
1589605200000,1589652000000,0.73,4,59.04,-1.0,0
1589652000000,1589763600000,4.0,6,63.06,1.0,2
1589788800000,1589839200000,0.51,4,50.01,1.0,1
1590364800000,1590480000000,1.36,6,49.18,1.0,1
1590508800000,1590624000000,1.38,4,54.28,1.0,0
1593435600000,1593619200000,0.11,6,56.37,1.0,0
1593619200000,1593676800000,1.0,4,34.35,-1.0,1
1593766800000,1593882000000,1.55,4,56.7,1.0,0
1594216800000,1594306800000,2.88,4,62.97,-1.0,3
1594458000000,1594515600000,1.0,4,63.43,1.0,0
1594580400000,1594641600000,0.63,4,62.26,1.0,0
1594746000000,1594836000000,1.0,4,55.94,-1.0,0
1594893600000,1594987200000,1.0,4,56.4,1.0,0
1594987200000,1595037600000,0.24,4,46.59,-1.0,1
1595152800000,1595336400000,1.11,6,63.21,1.0,2
1595512800000,1595707200000,-1.66,8,30.91,1.0,1
1595725200000,1595818800000,0.51,4,48.47,1.0,1
1598698800000,1598832000000,4.0,8,59.23,1.0,2
1598976000000,1599328800000,5.26,10,63.43,-1.0,2
1599692400000,1599746400000,0.73,4,62.65,1.0,0
1599746400000,1599796800000,1.12,4,63.43,-1.0,0
1599796800000,1599933600000,1.0,4,55.6,1.0,0
1600016400000,1600135200000,1.38,4,60.07,1.0,0
1600171200000,1600214400000,0.24,4,57.64,-1.0,0
1600214400000,1600516800000,3.61,10,50.27,1.0,2
1600516800000,1600570800000,2.0,4,61.82,-1.0,3
1600585200000,1600696800000,2.55,4,59.17,-1.0,3
1600808400000,1600891200000,1.61,4,62.93,-1.0,0
1603731600000,1604138400000,1.59,10,58.72,1.0,2
1604318400000,1604415600000,0.24,4,53.16,1.0,0
1604624400000,1604779200000,1.88,4,61.56,-1.0,3
1604858400000,1604908800000,0.73,4,49.53,-1.0,1
1604952000000,1605020400000,0.67,4,38.06,-1.0,1
1605020400000,1605175200000,1.0,4,57.18,1.0,0
1605229200000,1605373200000,1.36,6,60.82,-1.0,2
1605373200000,1605427200000,0.51,4,62.65,1.0,0
1605675600000,1605798000000,0.24,4,50.85,1.0,1
1605924000000,1606042800000,1.55,4,63.08,-1.0,0
1606042800000,1606125600000,0.51,4,62.93,1.0,0
1606125600000,1606197600000,1.0,4,48.46,-1.0,1
1606410000000,1606593600000,1.5,6,47.95,1.0,1
1606611600000,1606748400000,3.26,4,57.6,1.0,3
1606921200000,1607011200000,0.73,4,53.56,1.0,0
1607011200000,1607050800000,0.73,4,62.35,-1.0,0
1607126400000,1607216400000,1.38,4,62.97,1.0,0
1607295600000,1607364000000,2.0,4,62.82,-1.0,3
1607554800000,1607680800000,1.0,4,63.1,-1.0,0
1607896800000,1607997600000,0.73,4,63.43,1.0,0
1608235200000,1608393600000,0.1,6,51.42,1.0,1
1608436800000,1608494400000,1.88,4,63.01,1.0,3
1608552000000,1608685200000,1.0,4,60.18,1.0,0
1609102800000,1609160400000,0.63,4,60.0,1.0,0
1609218000000,1609311600000,1.88,4,60.14,1.0,3
1609372800000,1609419600000,0.18,4,62.53,-1.0,0
1609419600000,1609502400000,0.63,4,62.93,1.0,0
1609524000000,1609657200000,1.0,4,63.12,1.0,0
1609754400000,1609988400000,3.0,6,54.79,1.0,2
1610006400000,1610118000000,0.67,4,55.61,1.0,0
1610139600000,1610200800000,0.18,4,58.21,1.0,0
1610200800000,1610348400000,2.55,4,57.87,-1.0,3
1610434800000,1610496000000,0.51,4,62.74,-1.0,0
1610726400000,1610791200000,0.51,4,58.17,1.0,0
1610791200000,1610877600000,2.0,4,63.43,-1.0,3
1610877600000,1611072000000,0.16,8,60.71,1.0,2
1611072000000,1611237600000,2.0,4,56.76,-1.0,3
1611345600000,1611406800000,0.73,4,62.14,-1.0,0
1611514800000,1611583200000,1.12,4,62.82,1.0,0
1611583200000,1611669600000,0.63,4,63.43,-1.0,0
1611756000000,1611878400000,3.0,4,47.56,1.0,3
1612224000000,1612324800000,1.0,4,59.32,1.0,0
1612342800000,1612627200000,2.11,8,54.87,1.0,2
1613304000000,1613354400000,2.88,4,63.43,-1.0,3
1613354400000,1613476800000,2.0,4,63.43,1.0,3
1613700000000,1613822400000,1.38,4,63.43,1.0,0
1614204000000,1614258000000,0.73,4,62.65,1.0,0
1614322800000,1614405600000,0.24,4,57.35,1.0,0
1614427200000,1614492000000,1.61,4,57.54,-1.0,0
1614528000000,1614614400000,3.26,4,60.78,1.0,3
1614643200000,1614715200000,1.0,4,63.43,-1.0,0
1614776400000,1614906000000,2.0,4,63.43,-1.0,3
1614974400000,1615035600000,0.73,4,61.0,-1.0,0
1615035600000,1615165200000,1.12,4,63.43,1.0,0
1615276800000,1615338000000,0.73,4,51.18,1.0,1
1615352400000,1615503600000,0.51,4,63.43,1.0,0
1616198400000,1616245200000,0.73,4,62.53,1.0,0
1616317200000,1616407200000,0.51,4,49.29,1.0,1
1616479200000,1616590800000,0.73,4,54.31,1.0,0
1616677200000,1616878800000,1.38,4,60.0,1.0,0
1616878800000,1616932800000,0.67,4,49.32,-1.0,1
1616958000000,1617019200000,2.61,4,62.74,1.0,3
1617206400000,1617274800000,0.24,4,45.34,-1.0,1
1617328800000,1617498000000,1.61,4,63.19,-1.0,0
1617498000000,1617634800000,0.73,4,59.28,1.0,0
1617667200000,1617757200000,3.0,6,49.7,-1.0,2
1617915600000,1617966000000,0.73,4,61.75,1.0,0
1617984000000,1618027200000,2.55,4,63.43,1.0,3
1618149600000,1618329600000,1.61,4,54.16,1.0,0
1618426800000,1618520400000,0.51,4,47.22,1.0,1
1618628400000,1618714800000,3.0,4,63.43,-1.0,3
1618948800000,1619056800000,0.73,4,63.43,-1.0,0
1619298000000,1619384400000,1.61,4,51.09,-1.0,1
1619830800000,1619881200000,0.51,4,54.67,-1.0,0
1619946000000,1620028800000,1.61,4,62.93,1.0,0
1620172800000,1620230400000,2.0,4,63.43,1.0,3
1620327600000,1620406800000,0.67,4,63.43,1.0,0
1620424800000,1620504000000,0.51,4,59.0,1.0,0
1620676800000,1620792000000,2.0,4,56.29,1.0,3
1620889200000,1620925200000,0.73,4,63.43,-1.0,0
1621040400000,1621123200000,1.0,4,58.59,-1.0,0
1621159200000,1621224000000,1.12,4,63.43,-1.0,0
1621249200000,1621429200000,2.55,4,58.41,-1.0,3
1621515600000,1621630800000,1.05,6,63.43,-1.0,2
1622016000000,1622084400000,1.12,4,62.82,-1.0,0
1622376000000,1622433600000,0.73,4,56.33,-1.0,0
1622552400000,1622714400000,2.0,4,63.18,1.0,3
1622714400000,1622808000000,2.61,4,63.43,-1.0,3
1622959200000,1623016800000,0.18,4,52.95,-1.0,0
1623027600000,1623135600000,2.55,4,58.74,-1.0,3
1623204000000,1623319200000,1.38,4,58.35,1.0,0
1623405600000,1623492000000,1.61,4,63.43,-1.0,0
1623499200000,1623556800000,0.67,4,61.08,-1.0,0
1623697200000,1623780000000,0.73,4,57.7,1.0,0
1623823200000,1623981600000,1.63,6,46.22,-1.0,1
1624104000000,1624190400000,2.88,4,63.43,-1.0,3
1624219200000,1624366800000,2.0,4,60.34,-1.0,3
1624586400000,1624694400000,1.38,4,63.43,-1.0,0
1624694400000,1624795200000,3.26,4,54.68,1.0,3
1624881600000,1624986000000,1.55,4,54.77,1.0,0
1624986000000,1625166000000,2.24,6,63.43,-1.0,2
1625166000000,1625331600000,0.56,8,56.1,1.0,2
1625558400000,1625742000000,0.67,4,63.21,-1.0,0
1625742000000,1625806800000,0.24,4,56.49,1.0,0
1625817600000,1625875200000,2.0,4,58.96,1.0,3
1625893200000,1625932800000,0.73,4,49.74,1.0,1
1626285600000,1626368400000,2.55,4,62.93,-1.0,3
1626480000000,1626570000000,0.73,4,61.35,1.0,0
1626789600000,1626890400000,2.88,4,63.43,1.0,3
1626897600000,1626966000000,0.73,4,53.05,1.0,0
1627016400000,1627056000000,1.12,4,62.35,-1.0,0
1629799200000,1629882000000,1.12,4,62.93,-1.0,0
1630274400000,1630368000000,1.0,4,63.43,-1.0,0
1630566000000,1630630800000,2.0,4,59.95,-1.0,3
1630677600000,1630774800000,1.0,4,51.05,-1.0,1
1630774800000,1630890000000,1.61,4,61.0,1.0,0
1631203200000,1631260800000,1.0,4,53.39,-1.0,0
1631275200000,1631307600000,1.0,4,62.1,-1.0,0
1631541600000,1631721600000,2.26,4,63.04,1.0,3
1631775600000,1631822400000,0.24,4,62.53,-1.0,0
1631955600000,1632052800000,1.0,4,59.71,-1.0,0
1632708000000,1632873600000,2.12,6,63.43,-1.0,2
1632873600000,1632974400000,0.73,4,61.65,1.0,0
1632996000000,1633280400000,5.49,10,54.81,1.0,2
1633467600000,1633510800000,0.67,4,23.49,-1.0,1
1633615200000,1633680000000,1.61,4,63.43,1.0,0
1633737600000,1633842000000,0.73,4,63.03,1.0,0
1633978800000,1634068800000,2.55,4,62.97,-1.0,3
1634068800000,1634176800000,0.73,4,63.43,1.0,0
1634403600000,1634464800000,0.24,4,57.69,1.0,0
1634500800000,1634612400000,-0.39,6,59.82,1.0,0
1635177600000,1635285600000,2.88,4,53.16,-1.0,3
1635321600000,1635364800000,0.24,4,44.14,1.0,1
1635523200000,1635602400000,1.0,4,61.44,-1.0,0
1635638400000,1635739200000,1.0,4,62.84,-1.0,0
1635922800000,1636200000000,-2.29,8,50.62,-1.0,1
1636621200000,1636732800000,1.61,4,45.64,-1.0,1
1636794000000,1636934400000,0.73,4,53.81,1.0,0
1637071200000,1637143200000,0.73,4,62.41,-1.0,0
1637143200000,1637197200000,0.63,4,62.65,1.0,0
1637514000000,1637614800000,0.73,4,61.66,-1.0,0
1637694000000,1637762400000,0.24,4,62.82,-1.0,0
1637762400000,1637856000000,1.12,4,63.43,1.0,0
1638000000000,1638122400000,0.73,4,38.9,-1.0,1
1638284400000,1638414000000,0.67,4,63.43,-1.0,0
1638662400000,1638781200000,0.67,5,44.57,-1.0,1
1638889200000,1639080000000,0.73,4,62.76,-1.0,0
1639080000000,1639141200000,1.61,4,62.01,1.0,0
1639180800000,1639332000000,2.0,4,63.43,1.0,3
1639422000000,1639526400000,1.0,4,59.21,1.0,0
1639598400000,1639753200000,2.55,4,63.17,-1.0,3
1639753200000,1639886400000,-0.78,6,59.73,1.0,0
1640138400000,1640217600000,1.0,4,63.43,-1.0,0
1640311200000,1640358000000,0.67,4,56.49,-1.0,0
1640372400000,1640516400000,2.38,6,63.43,-1.0,2
1640746800000,1640822400000,0.67,4,57.84,-1.0,0
1641146400000,1641211200000,0.24,4,39.71,1.0,1
1641211200000,1641319200000,0.18,4,63.43,-1.0,0
1641567600000,1641679200000,0.18,4,54.07,1.0,0
1641823200000,1642021200000,3.12,6,62.75,1.0,2
1642082400000,1642161600000,1.38,4,63.43,-1.0,0
1642161600000,1642276800000,1.12,4,63.43,1.0,0
1642348800000,1642514400000,4.0,6,56.15,-1.0,2
1642874400000,1642978800000,0.24,4,50.96,1.0,1
1643252400000,1643349600000,0.18,4,49.23,1.0,1
1643731200000,1643889600000,4.38,6,63.43,-1.0,2
1643889600000,1644019200000,2.55,4,63.43,1.0,3
1644019200000,1644080400000,0.67,4,37.94,-1.0,1
1644080400000,1644210000000,0.73,4,47.43,1.0,1
1644224400000,1644300000000,2.0,4,58.03,1.0,3
1644372000000,1644512400000,0.67,4,58.84,1.0,0
1644645600000,1644688800000,0.67,4,60.43,1.0,0
1644688800000,1644800400000,0.24,4,63.06,-1.0,0
1644800400000,1644933600000,1.61,4,60.92,1.0,0
1645250400000,1645347600000,2.61,4,63.0,-1.0,3
1645419600000,1645498800000,0.67,4,63.43,-1.0,0
1645498800000,1645621200000,1.12,4,49.64,1.0,1
1645779600000,1645833600000,1.0,4,62.65,1.0,0
1645833600000,1645927200000,1.0,4,63.43,-1.0,0
1645995600000,1646035200000,1.0,4,52.76,1.0,0
1646053200000,1646139600000,1.38,4,61.92,1.0,0
1646150400000,1646233200000,0.67,4,58.41,1.0,0
1646524800000,1646622000000,0.73,4,63.0,-1.0,0
1646719200000,1646827200000,2.61,4,59.32,1.0,3
1647208800000,1647295200000,1.12,4,63.43,1.0,0
1650351600000,1650546000000,1.5,6,45.84,1.0,1
1650643200000,1650729600000,0.73,4,46.37,1.0,1
1650729600000,1650870000000,1.61,4,54.21,-1.0,0
1651068000000,1651168800000,1.0,4,57.33,1.0,0
1651366800000,1651417200000,2.0,4,63.43,1.0,3
1651849200000,1652029200000,2.88,4,32.23,-1.0,1
1652162400000,1652302800000,1.61,4,55.42,-1.0,0
1652338800000,1652418000000,1.0,4,63.43,1.0,0
1652652000000,1652716800000,0.63,4,63.43,-1.0,0
1652774400000,1652889600000,0.67,4,59.11,-1.0,0
1655582400000,1655820000000,2.85,10,60.99,1.0,2
1655928000000,1656140400000,1.81,8,60.14,1.0,2
1656244800000,1656352800000,1.0,4,63.43,-1.0,0
1656352800000,1656406800000,0.67,4,55.0,1.0,0
1656406800000,1656619200000,3.0,4,60.16,-1.0,3
1656903600000,1657051200000,0.24,4,61.49,1.0,0
1657440000000,1657519200000,1.0,4,55.65,-1.0,0
1657602000000,1657663200000,0.73,4,52.99,-1.0,0
1657713600000,1657915200000,2.75,8,59.77,1.0,2
1658170800000,1658264400000,0.73,4,62.78,1.0,0
1658412000000,1658494800000,1.12,4,62.93,1.0,0
1658700000000,1658847600000,3.38,6,63.15,-1.0,2
1658847600000,1658973600000,3.0,4,58.24,1.0,3
1659099600000,1659186000000,0.73,4,63.43,1.0,0
1659186000000,1659430800000,2.48,8,63.43,-1.0,2
1659430800000,1659528000000,0.67,4,63.0,1.0,0
1659528000000,1659636000000,1.12,4,63.43,-1.0,0
1659744000000,1659830400000,1.88,4,55.47,-1.0,3
1659830400000,1659960000000,2.88,4,63.43,1.0,3
1659960000000,1660053600000,3.0,4,59.59,-1.0,3
1660219200000,1660302000000,1.38,4,62.93,-1.0,0
1660388400000,1660460400000,1.61,4,60.2,1.0,0
1660611600000,1660658400000,0.73,4,62.53,-1.0,0
1660766400000,1660824000000,1.12,4,55.75,1.0,0
1661184000000,1661234400000,0.24,4,61.76,-1.0,0
1661234400000,1661356800000,1.0,4,63.43,1.0,0
1661652000000,1661727600000,0.67,4,62.88,-1.0,0
1661950800000,1662048000000,1.12,4,60.98,-1.0,0
1662048000000,1662127200000,1.12,4,63.43,1.0,0
1662163200000,1662231600000,1.12,4,47.18,-1.0,1
1662278400000,1662426000000,-1.04,6,37.19,1.0,1
1662584400000,1662642000000,0.24,4,52.58,-1.0,0
1662818400000,1662915600000,-0.5,6,49.88,1.0,1
1663120800000,1663254000000,0.11,6,28.71,-1.0,1
1663347600000,1663430400000,1.12,4,62.93,1.0,0
1663430400000,1663567200000,2.88,4,63.43,-1.0,3
1663621200000,1663693200000,1.61,4,61.58,-1.0,0
1664024400000,1664143200000,0.67,4,56.5,-1.0,0
1664280000000,1664330400000,1.38,4,63.43,-1.0,0
1664330400000,1664550000000,0.35,8,60.59,1.0,2
1664629200000,1664704800000,0.67,4,60.76,-1.0,0
1664751600000,1664892000000,3.26,4,59.94,1.0,3
1664913600000,1665158400000,2.69,8,60.09,-1.0,2
1665313200000,1665388800000,1.61,4,62.15,-1.0,0
1665406800000,1665496800000,1.0,4,59.75,-1.0,0
1665496800000,1665612000000,0.24,4,30.16,1.0,1
1665914400000,1666072800000,0.67,4,59.07,1.0,0
1666072800000,1666224000000,1.12,4,63.43,-1.0,0
1666443600000,1666526400000,1.0,4,31.44,-1.0,1
1666562400000,1666620000000,1.12,4,63.43,-1.0,0
1666638000000,1666692000000,0.51,4,19.13,-1.0,1
1666792800000,1666958400000,2.88,4,53.22,-1.0,3
1667062800000,1667145600000,0.73,4,52.92,-1.0,0
1667476800000,1667617200000,3.0,4,63.14,1.0,3
1667617200000,1667710800000,1.0,4,39.88,-1.0,1
1667721600000,1667883600000,3.0,4,40.23,-1.0,1
1668110400000,1668175200000,1.12,4,62.32,-1.0,0
1668265200000,1668402000000,2.61,4,59.86,-1.0,3
1668517200000,1668610800000,0.73,4,63.43,-1.0,0
1668610800000,1668733200000,0.05,6,62.6,1.0,0
1668733200000,1668794400000,1.12,4,62.74,-1.0,0
1668794400000,1668895200000,0.16,6,53.67,1.0,1
1668895200000,1669064400000,2.0,4,63.19,-1.0,3
1669255200000,1669356000000,1.0,4,62.53,-1.0,0
1669424400000,1669500000000,0.73,4,62.88,-1.0,0
1669521600000,1669600800000,2.55,4,63.43,-1.0,3
1670104800000,1670212800000,1.61,4,63.43,1.0,0
1670266800000,1670371200000,0.24,4,35.4,1.0,1
1670400000000,1670587200000,2.61,4,63.43,1.0,3
1670619600000,1670684400000,1.12,4,48.42,1.0,1
1670713200000,1670785200000,1.88,4,42.61,1.0,1
1670810400000,1670936400000,3.0,4,63.1,1.0,3
1673751600000,1673834400000,0.73,4,62.93,1.0,0
1673967600000,1674050400000,1.88,4,44.58,1.0,1
1674781200000,1674849600000,2.0,4,62.82,1.0,3
1674910800000,1675018800000,2.88,4,63.43,1.0,3
1675116000000,1675202400000,1.12,4,63.43,1.0,0
1675296000000,1675454400000,1.36,6,54.62,-1.0,2
1675515600000,1675623600000,2.88,4,59.76,-1.0,3
1675659600000,1675789200000,0.67,4,61.06,1.0,0
1675818000000,1675915200000,1.12,4,63.0,-1.0,0
1676062800000,1676156400000,1.12,4,60.36,1.0,0
1676307600000,1676386800000,1.88,4,63.43,1.0,3
1676426400000,1676563200000,1.38,4,59.67,1.0,0
1676750400000,1676822400000,1.61,4,44.87,1.0,1
1676966400000,1677081600000,1.38,4,63.43,-1.0,0
1677312000000,1677355200000,0.73,4,58.99,-1.0,0
1677355200000,1677510000000,1.12,4,63.17,1.0,0
1677528000000,1677600000000,0.24,4,48.94,1.0,1
1677657600000,1677765600000,0.51,4,38.13,-1.0,1
1677877200000,1677978000000,0.67,4,63.18,1.0,0
1677978000000,1678068000000,0.51,4,57.98,-1.0,0
1678114800000,1678201200000,1.61,4,63.43,-1.0,0
1678233600000,1678356000000,0.73,4,29.27,-1.0,1
1678442400000,1678665600000,-0.34,8,49.11,1.0,2
1678748400000,1678798800000,2.61,4,62.03,1.0,3
1679090400000,1679155200000,0.73,4,55.77,-1.0,0
1679155200000,1679256000000,2.88,4,62.37,1.0,3
1679302800000,1679382000000,0.51,4,60.32,-1.0,0
1679515200000,1679583600000,3.0,4,61.72,1.0,3
1679583600000,1679691600000,1.0,4,63.43,-1.0,0
1679835600000,1679929200000,1.05,6,63.43,-1.0,2
1679929200000,1680076800000,0.78,6,57.75,1.0,0
1680141600000,1680246000000,0.63,4,63.03,-1.0,0
1680379200000,1680555600000,0.67,4,58.95,-1.0,0
1680850800000,1680930000000,1.88,4,63.43,1.0,3
1680930000000,1681027200000,0.73,4,46.93,-1.0,1
1681027200000,1681077600000,2.55,4,63.43,1.0,3
1681077600000,1681131600000,0.63,4,26.69,-1.0,1
1681239600000,1681311600000,0.73,4,63.43,-1.0,0
1681516800000,1681606800000,1.12,4,46.84,-1.0,1
1681606800000,1681671600000,0.73,4,47.28,1.0,1
1681819200000,1681891200000,2.55,4,63.43,-1.0,3
1681912800000,1682056800000,2.5,6,45.26,-1.0,2
1682114400000,1682200800000,2.61,4,52.71,1.0,3
1682200800000,1682262000000,1.0,4,60.95,-1.0,0
1682298000000,1682355600000,1.0,4,63.43,-1.0,0
1682686800000,1682740800000,0.63,4,59.87,1.0,0
1682787600000,1682866800000,3.0,4,49.59,1.0,3
1683054000000,1683122400000,0.73,4,49.2,-1.0,1
1683421200000,1683532800000,2.61,4,56.54,-1.0,3
1683576000000,1683633600000,0.51,4,53.9,1.0,0
1683644400000,1683723600000,1.88,4,50.25,1.0,3
1683723600000,1683918000000,1.55,8,63.43,-1.0,2
1683961200000,1684000800000,0.73,4,62.35,1.0,0
1684108800000,1684170000000,1.12,4,62.74,1.0,0
1684224000000,1684332000000,0.67,4,53.07,-1.0,0
1684357200000,1684429200000,2.55,4,63.43,-1.0,3
1684818000000,1684908000000,3.0,4,52.08,-1.0,3
1684976400000,1685041200000,1.12,4,63.43,1.0,0
1685192400000,1685318400000,3.0,4,63.1,1.0,3
1685318400000,1685548800000,3.38,6,58.71,-1.0,2
1685577600000,1685664000000,0.24,4,63.43,-1.0,0
1685754000000,1685804400000,1.61,4,50.1,1.0,1
1686236400000,1686373200000,1.16,6,61.04,-1.0,2
1686826800000,1686938400000,1.88,4,58.34,1.0,3
1687014000000,1687071600000,1.0,4,63.43,1.0,0
1687129200000,1687222800000,2.61,4,63.43,1.0,3
1687532400000,1687622400000,1.12,4,57.43,-1.0,0
1687741200000,1687788000000,0.51,4,61.6,1.0,0
1687798800000,1687874400000,2.0,4,62.88,1.0,3
1687874400000,1687978800000,1.12,4,63.03,-1.0,0
1687978800000,1688097600000,1.0,4,58.57,1.0,0
1688310000000,1688410800000,3.0,4,63.43,1.0,3
1688410800000,1688497200000,1.12,4,62.28,-1.0,0
1688562000000,1688634000000,2.88,4,58.55,1.0,3
1688745600000,1688842800000,-0.84,6,56.61,-1.0,0
1688947200000,1689019200000,2.61,4,63.43,1.0,3
1689022800000,1689163200000,2.0,6,55.82,1.0,2
1689274800000,1689361200000,3.0,4,63.43,-1.0,3
1689382800000,1689472800000,1.88,4,23.49,-1.0,1
1689516000000,1689696000000,0.73,4,63.43,-1.0,0
1689778800000,1689847200000,1.61,4,54.11,1.0,0
1689876000000,1689962400000,1.12,4,51.0,1.0,1
1689966000000,1690009200000,0.51,4,56.71,1.0,0
1690066800000,1690138800000,3.0,4,63.43,1.0,3
1690246800000,1690340400000,0.24,4,52.55,1.0,0
1690480800000,1690556400000,1.61,4,61.77,1.0,0
1690603200000,1690711200000,0.24,4,35.18,-1.0,1
1690761600000,1690855200000,2.0,4,59.88,-1.0,3
1690992000000,1691071200000,0.73,4,53.9,1.0,0
1691071200000,1691179200000,1.88,4,63.43,-1.0,3
1691236800000,1691308800000,1.12,4,63.43,1.0,0
1691424000000,1691528400000,3.26,4,63.03,1.0,3
1694563200000,1694653200000,1.12,4,56.0,1.0,0
1694714400000,1694786400000,1.12,4,63.1,-1.0,0
1695060000000,1695135600000,0.51,4,62.88,1.0,0
1695135600000,1695189600000,0.24,4,59.04,-1.0,0
1695416400000,1695492000000,1.12,4,53.5,1.0,0
1695672000000,1695740400000,0.73,4,57.01,-1.0,0
1695740400000,1695816000000,3.26,4,62.17,1.0,3
1695916800000,1695996000000,0.73,4,55.64,-1.0,0
1695996000000,1696086000000,2.26,4,56.07,1.0,3
1696107600000,1696255200000,2.61,4,62.34,1.0,3
1696363200000,1696464000000,1.0,4,57.24,1.0,0
1696636800000,1696730400000,0.67,4,21.89,1.0,1
1696730400000,1696867200000,1.88,4,63.43,-1.0,3
1696874400000,1696960800000,0.67,4,51.0,-1.0,1
1697043600000,1697202000000,-1.27,6,41.87,1.0,1
1697230800000,1697317200000,1.12,4,57.05,-1.0,0
1697317200000,1697461200000,2.61,4,63.43,1.0,3
1697515200000,1697601600000,0.05,6,63.33,1.0,0
1697677200000,1697911200000,3.88,8,60.57,1.0,2
1697911200000,1697958000000,1.0,4,62.53,-1.0,0
1698159600000,1698249600000,1.88,4,62.97,1.0,3
1698361200000,1698426000000,0.67,4,62.42,-1.0,0
1698494400000,1698667200000,0.24,4,51.25,1.0,1
1698667200000,1698739200000,0.51,4,63.43,-1.0,0
1698739200000,1698786000000,0.73,4,62.53,1.0,0
1699005600000,1699077600000,1.12,4,63.43,1.0,0
1699153200000,1699218000000,0.67,4,61.06,-1.0,0
1699264800000,1699322400000,0.51,4,52.76,-1.0,0
1699358400000,1699538400000,2.88,4,59.53,1.0,3
1699653600000,1699740000000,1.12,4,61.91,-1.0,0
1699837200000,1699920000000,1.12,4,62.93,-1.0,0
1700161200000,1700240400000,1.0,4,55.76,1.0,0
1700323200000,1700391600000,0.51,4,49.87,-1.0,1
1700391600000,1700506800000,0.73,4,63.43,1.0,0
1700506800000,1700611200000,0.73,4,63.03,-1.0,0
1700611200000,1700686800000,3.0,4,62.88,1.0,3
1700841600000,1700942400000,0.18,4,30.82,1.0,1
1700942400000,1701014400000,2.88,4,63.43,-1.0,3
1701100800000,1701248400000,3.24,6,63.15,1.0,2
1701248400000,1701352800000,-0.57,6,63.03,-1.0,0
1701352800000,1701446400000,0.63,4,63.43,1.0,0
1701572400000,1701687600000,2.88,4,57.31,1.0,3
1702242000000,1702321200000,0.63,4,63.43,-1.0,0
1702368000000,1702432800000,0.51,4,63.43,-1.0,0
1702893600000,1703084400000,1.12,4,63.22,1.0,0
1703102400000,1703224800000,0.24,4,49.34,1.0,1
1703224800000,1703304000000,0.51,4,63.43,-1.0,0
1703390400000,1703455200000,1.61,4,63.43,-1.0,0
1703509200000,1703581200000,2.61,4,57.1,-1.0,3
1703811600000,1703858400000,0.73,4,53.51,1.0,0
1703887200000,1704013200000,1.12,4,60.13,1.0,0
1704063600000,1704186000000,2.61,4,63.43,1.0,3
1704186000000,1704283200000,2.88,4,63.0,-1.0,3
1704283200000,1704398400000,3.26,4,59.79,1.0,3
1704891600000,1704981600000,1.0,4,62.97,1.0,0
1705096800000,1705158000000,0.63,4,39.02,1.0,1
1705158000000,1705273200000,1.11,6,63.43,-1.0,2
1705273200000,1705341600000,1.0,4,62.82,1.0,0
1705438800000,1705683600000,4.12,6,63.43,-1.0,2
1705694400000,1705741200000,0.63,4,37.0,-1.0,1
1705784400000,1705852800000,0.18,4,49.04,-1.0,1
1706130000000,1706180400000,1.12,4,63.43,1.0,0
1706202000000,1706418000000,4.12,6,63.14,1.0,2
1706479200000,1706616000000,1.61,4,63.43,1.0,0
1706616000000,1706666400000,0.73,4,62.81,-1.0,0
1706749200000,1706889600000,0.51,4,59.42,1.0,0
1706889600000,1707030000000,1.0,4,49.67,-1.0,1
1707170400000,1707235200000,1.0,4,59.28,1.0,0
1707375600000,1707624000000,1.12,4,55.83,1.0,0
1707786000000,1707843600000,2.61,4,63.43,-1.0,3
1708030800000,1708092000000,1.0,4,58.64,1.0,0
1708434000000,1708516800000,0.24,4,62.93,-1.0,0
1708516800000,1708632000000,0.51,4,57.61,1.0,0
1708729200000,1708826400000,1.38,4,63.0,1.0,0
1709229600000,1709323200000,1.0,4,58.93,1.0,0
1709449200000,1709650800000,3.51,6,57.42,1.0,2
1709978400000,1710064800000,2.61,4,61.43,1.0,3
1710399600000,1710658800000,1.65,8,63.43,-1.0,2
1710658800000,1710738000000,0.63,4,63.43,1.0,0
1710738000000,1710856800000,2.88,4,57.74,-1.0,3
1710979200000,1711051200000,0.73,4,50.21,-1.0,1
1711555200000,1711634400000,1.88,4,61.7,1.0,3
1711724400000,1711926000000,2.0,4,39.59,1.0,1
1711926000000,1711987200000,1.12,4,62.74,-1.0,0
1712152800000,1712203200000,1.0,4,63.43,-1.0,0
1712203200000,1712505600000,-0.28,8,55.09,1.0,2
1712577600000,1712750400000,2.24,6,60.26,-1.0,2
1712844000000,1712894400000,0.73,4,62.23,1.0,0
1713171600000,1713240000000,1.38,4,62.24,-1.0,0
1713567600000,1713668400000,2.73,6,63.43,1.0,2
1713668400000,1713715200000,1.0,4,62.53,-1.0,0
1713880800000,1713988800000,2.55,4,60.91,-1.0,3
1714078800000,1714179600000,1.88,4,63.43,-1.0,3
1714179600000,1714273200000,1.0,4,58.73,1.0,0
1714273200000,1714395600000,2.88,4,60.46,-1.0,3
